{
  "name": "Default Container",
  "image": "mcr.microsoft.com/devcontainers/base:ubuntu",
  "features": {
    "ghcr.io/devcontainers/features/python:1": {
      "installJupyterlab": false
    },
    "ghcr.io/rocker-org/devcontainer-features/quarto-cli:1": {
      "version": "prerelease",
      "installTinyTex": true,
      "installChromium": false
    },
    "ghcr.io/devcontainers/features/conda:1": {}
  },
  "postCreateCommand": "./.devcontainer/postCreateCommand.sh",
  "customizations": {
     "vscode": {
       "extensions": [
        "sumneko.lua",
        "quarto.quarto",
         "ms-python.python",
         "ms-toolsai.jupyter",
         "ms-toolsai.jupyter-renderers",
         "ms-toolsai.vscode-jupyter-cell-tags",
         "ms-toolsai.jupyter-keymap"
       ]
     },
     "codespaces": {
       "openFiles": [
         "article.qmd"
       ]
     }
   }  
}
