<?xml version="1.0" encoding="utf-8" ?>
<!DOCTYPE article PUBLIC "-//NLM//DTD JATS (Z39.96) Journal Archiving
and Interchange DTD v1.2 20190208//EN" "JATS-archivearticle1.dtd">

<article xmlns:mml="http://www.w3.org/1998/Math/MathML" xmlns:xlink="http://www.w3.org/1999/xlink" dtd-version="1.2" article-type="other">

<front>
<journal-meta>
<journal-id></journal-id>

<journal-title-group>
<journal-title>Notebooks Now!</journal-title>
</journal-title-group>
<issn></issn>

<publisher>
<publisher-name></publisher-name>
</publisher>
</journal-meta>


<article-meta>


<title-group>
<article-title>La Palma Earthquakes</article-title>
</title-group>

<contrib-group>
<contrib contrib-type="author" corresp="yes">
<contrib-id contrib-id-type="orcid">0000-0002-0760-5497</contrib-id>
<name>
<surname>Purves</surname>
<given-names>Steve</given-names>
</name>
<string-name>Steve Purves</string-name>

<email>steve@curvenote.com</email>
<role vocab="https://credit.niso.org" vocab-term="investigation" vocab-term-identifier="https://credit.niso.org/contributor-roles/investigation/">Investigation</role>
<role vocab="https://credit.niso.org" vocab-term="project
administration" vocab-term-identifier="https://credit.niso.org/contributor-roles/project-administration/">Project
administration</role>
<role vocab="https://credit.niso.org" vocab-term="software" vocab-term-identifier="https://credit.niso.org/contributor-roles/software/">Software</role>
<role vocab="https://credit.niso.org" vocab-term="visualization" vocab-term-identifier="https://credit.niso.org/contributor-roles/visualization/">Visualization</role>
<xref ref-type="aff" rid="aff-1">a</xref>
<xref ref-type="corresp" rid="cor-1">&#x002A;</xref>
</contrib>
<contrib contrib-type="author">
<contrib-id contrib-id-type="orcid">0000-0002-7859-8394</contrib-id>
<name>
<surname>Cockett</surname>
<given-names>Rowan</given-names>
</name>
<string-name>Rowan Cockett</string-name>

<xref ref-type="aff" rid="aff-1">a</xref>
</contrib>
</contrib-group>
<aff id="aff-1">
<institution-wrap>
<institution>Curvenote</institution>
</institution-wrap>







</aff>
<author-notes>
<corresp id="cor-1">steve@curvenote.com</corresp>
</author-notes>

<pub-date date-type="pub" publication-format="electronic" iso-8601-date="2022-05-11">
<year>2022</year>
<month>5</month>
<day>11</day>
</pub-date>







<history></history>

<permissions>

<license license-type="creative-commons">
<ali:license_ref xmlns:ali="http://www.niso.org/schemas/ali/1.0/">https://creativecommons.org/licenses/by-sa/4.0/</ali:license_ref>

</license>
</permissions>

<abstract>
<p>In September 2021, a significant jump in seismic activity on the
island of La Palma (Canary Islands, Spain) signaled the start of a
volcanic crisis that still continues at the time of writing. Earthquake
data is continually collected and published by the Instituto Geográphico
Nacional (IGN). We have created an accessible dataset from this and
completed preliminary data analysis which shows seismicity originating
at two distinct depths, consistent with the model of a two reservoir
system feeding the currently very active volcano.</p>
</abstract>
<kwd-group kwd-group-type="author">
<kwd>La Palma</kwd>
<kwd>Earthquakes</kwd>
</kwd-group>




</article-meta>

</front>

<body>
<sec id="introduction">
  <title>Introduction</title>
  <p>La Palma is one of the west most islands in the Volcanic
  Archipelago of the Canary Islands, a Spanish territory situated is the
  Atlantic Ocean where at their closest point are 100km from the African
  coast <xref alt="Figure 1" rid="fig-map">Figure 1</xref>. The island
  is one of the youngest, remains active and is still in the island
  forming stage.</p>
  <fig id="fig-map">
    <caption><p>Figure 1: Map of La Palma in the Canary Islands. Image
    credit
    <ext-link ext-link-type="uri" xlink:href="https://commons.wikimedia.org/w/index.php?curid=76638603">NordNordWest</ext-link></p></caption>
    <graphic mimetype="image" mime-subtype="png" xlink:href="images/la-palma-map.png" />
  </fig>
  <p>La Palma has been constructed by various phases of volcanism, the
  most recent and currently active being the <italic>Cumbre
  Vieja</italic> volcano, a north-south volcanic ridge that constitutes
  the southern half of the island.</p>
  <sec id="eruption-history">
    <title>Eruption History</title>
    <p>A number of eruptions were recorded since the colonization of the
    islands by Europeans in the late 1400s, these are summarised in
    <xref alt="Table 1" rid="tbl-history">Table 1</xref>.</p>
    <fig id="tbl-history">
      <caption><p>Table 1: Recent historic eruptions on La
      Palma</p></caption>
      <table-wrap>
        <table>
          <thead>
            <tr>
              <th>Name</th>
              <th>Year</th>
            </tr>
          </thead>
          <tbody>
            <tr>
              <td>Current</td>
              <td>2021</td>
            </tr>
            <tr>
              <td>Teneguía</td>
              <td>1971</td>
            </tr>
            <tr>
              <td>Nambroque</td>
              <td>1949</td>
            </tr>
            <tr>
              <td>El Charco</td>
              <td>1712</td>
            </tr>
            <tr>
              <td>Volcán San Antonio</td>
              <td>1677</td>
            </tr>
            <tr>
              <td>Volcán San Martin</td>
              <td>1646</td>
            </tr>
            <tr>
              <td>Tajuya near El Paso</td>
              <td>1585</td>
            </tr>
            <tr>
              <td>Montaña Quemada</td>
              <td>1492</td>
            </tr>
          </tbody>
        </table>
      </table-wrap>
    </fig>
    <p>This equates to an eruption on average every 79 years up until
    the 1971 event. The probability of a future eruption can be modeled
    by a Poisson distribution
    <xref alt="Equation 1" rid="eq-poisson">Equation 1</xref>.</p>
    <p><styled-content id="eq-poisson"><disp-formula><alternatives>
    <tex-math><![CDATA[
    p(x)=\frac{e^{-\lambda} \lambda^{x}}{x !}
     \qquad(1)]]></tex-math>
    <mml:math display="block" xmlns:mml="http://www.w3.org/1998/Math/MathML"><mml:mrow><mml:mi>p</mml:mi><mml:mrow><mml:mo stretchy="true" form="prefix">(</mml:mo><mml:mi>x</mml:mi><mml:mo stretchy="true" form="postfix">)</mml:mo></mml:mrow><mml:mo>=</mml:mo><mml:mfrac><mml:mrow><mml:msup><mml:mi>e</mml:mi><mml:mrow><mml:mo>−</mml:mo><mml:mi>λ</mml:mi></mml:mrow></mml:msup><mml:msup><mml:mi>λ</mml:mi><mml:mi>x</mml:mi></mml:msup></mml:mrow><mml:mrow><mml:mi>x</mml:mi><mml:mi>!</mml:mi></mml:mrow></mml:mfrac><mml:mspace width="2.0em"></mml:mspace><mml:mrow><mml:mo stretchy="true" form="prefix">(</mml:mo><mml:mn>1</mml:mn><mml:mo stretchy="true" form="postfix">)</mml:mo></mml:mrow></mml:mrow></mml:math></alternatives></disp-formula></styled-content></p>
    <p>Where <inline-formula><alternatives>
    <tex-math><![CDATA[\lambda]]></tex-math>
    <mml:math display="inline" xmlns:mml="http://www.w3.org/1998/Math/MathML"><mml:mi>λ</mml:mi></mml:math></alternatives></inline-formula>
    is the number of eruptions per year, <inline-formula><alternatives>
    <tex-math><![CDATA[\lambda=\frac{1}{79}]]></tex-math>
    <mml:math display="inline" xmlns:mml="http://www.w3.org/1998/Math/MathML"><mml:mrow><mml:mi>λ</mml:mi><mml:mo>=</mml:mo><mml:mfrac><mml:mn>1</mml:mn><mml:mn>79</mml:mn></mml:mfrac></mml:mrow></mml:math></alternatives></inline-formula>
    in this case. The probability of a future eruption in the next
    <inline-formula><alternatives>
    <tex-math><![CDATA[t]]></tex-math>
    <mml:math display="inline" xmlns:mml="http://www.w3.org/1998/Math/MathML"><mml:mi>t</mml:mi></mml:math></alternatives></inline-formula>
    years can be calculated by:</p>
    <p><styled-content id="eq-probability"><disp-formula><alternatives>
    <tex-math><![CDATA[
    p_e = 1-\mathrm{e}^{-t \lambda}
     \qquad(2)]]></tex-math>
    <mml:math display="block" xmlns:mml="http://www.w3.org/1998/Math/MathML"><mml:mrow><mml:msub><mml:mi>p</mml:mi><mml:mi>e</mml:mi></mml:msub><mml:mo>=</mml:mo><mml:mn>1</mml:mn><mml:mo>−</mml:mo><mml:msup><mml:mi mathvariant="normal">e</mml:mi><mml:mrow><mml:mo>−</mml:mo><mml:mi>t</mml:mi><mml:mi>λ</mml:mi></mml:mrow></mml:msup><mml:mspace width="2.0em"></mml:mspace><mml:mrow><mml:mo stretchy="true" form="prefix">(</mml:mo><mml:mn>2</mml:mn><mml:mo stretchy="true" form="postfix">)</mml:mo></mml:mrow></mml:mrow></mml:math></alternatives></disp-formula></styled-content></p>
    <p>So following the 1971 eruption the probability of an eruption in
    the following 50 years — the period ending this year — was 0.469.
    After the event, the number of eruptions per year moves to
    <inline-formula><alternatives>
    <tex-math><![CDATA[\lambda=\frac{1}{75}]]></tex-math>
    <mml:math display="inline" xmlns:mml="http://www.w3.org/1998/Math/MathML"><mml:mrow><mml:mi>λ</mml:mi><mml:mo>=</mml:mo><mml:mfrac><mml:mn>1</mml:mn><mml:mn>75</mml:mn></mml:mfrac></mml:mrow></mml:math></alternatives></inline-formula>
    and the probability of a further eruption within the next 50 years
    (2022-2071) rises to 0.487 and in the next 100 years, this rises
    again to 0.736.</p>
  </sec>
  <sec id="magma-reservoirs">
    <title>Magma Reservoirs</title>
    <p>Studies of the magma systems feeding the volcano, such as Marrero
    et al.
    (<xref alt="2019" rid="ref-marrero2019" ref-type="bibr">2019</xref>)
    has proposed that there are two main magma reservoirs feeding the
    Cumbre Vieja volcano; one in the mantle (30-40km depth) which
    charges and in turn feeds a shallower crustal reservoir (10-20km
    depth).</p>
    <fig id="fig-reservoirs">
      <caption><p>Figure 2: Proposed model from Marrero et
      al</p></caption>
      <graphic mimetype="image" mime-subtype="png" xlink:href="images/reservoirs.png" />
    </fig>
    <p>In this paper, we look at recent seismicity data to see if we can
    see evidence of such a system action, see
    <xref alt="Figure 2" rid="fig-reservoirs">Figure 2</xref>.</p>
  </sec>
</sec>
<sec id="dataset">
  <title>Dataset</title>
  <p>The earthquake dataset used in our analysis was generated from the
  <ext-link ext-link-type="uri" xlink:href="https://www.ign.es/web/resources/volcanologia/tproximos/canarias.html">IGN
  web portal</ext-link> this is public data released under a permissive
  license. Data recorded using the network of
  <ext-link ext-link-type="uri" xlink:href="notebooks/seismic-monitoring-stations.qmd">Seismic
  Monitoring</ext-link> on the island. A web scraping script was
  developed to pull data into a machine-readable form for analysis. That
  code tool
  <ext-link ext-link-type="uri" xlink:href="https://github.com/stevejpurves/ign-earthquake-data">is
  available on GitHub</ext-link> along with a copy of recently updated
  data.</p>
</sec>
<sec id="results">
  <title>Results</title>
  <p>The dataset was loaded into a Jupyter notebook
  <ext-link ext-link-type="uri" xlink:href="./notebooks/visualization-figure-creation-seaborn.ipynb">visualization</ext-link>
  and filtered down to La Palma events only. This results in 5465 data
  points which we then visualized to understand their distributions
  spatially, by depth, by magnitude and in time.</p>
  <fig id="fig-timeline">
    <caption><p>Figure 3: Earthquake data over time (n=5465) to
    understand their distributions spatially, by depth, by magnitude and
    in time.</p></caption>
    <graphic mimetype="image" mime-subtype="png" xlink:href="article_files/figure-jats/fig-timeline-output-1.png" />
  </fig>
  <p>From our analysis in
  <xref alt="Figure 3" rid="fig-timeline">Figure 3</xref>, we can see 3
  different systems in play.</p>
  <p>Firstly, the shallow earthquake swarm leading up to the eruption on
  19th September, related to significant surface deformation and shallow
  magma intrusion.</p>
  <p>After the eruption, continuous shallow seismicity started at
  10-15km corresponding to magma movement in the crustal reservoir.</p>
  <p>Subsequently, high magnitude events begin occurring at 30-40km
  depths corresponding to changes in the mantle reservoir. These are
  also continuous but occur with a lower frequency than in the crustal
  reservoir.</p>
</sec>
<sec id="conclusions">
  <title>Conclusions</title>
  <p>From the analysis of the earthquake data collected and published by
  IGN for the period of 11 September through to 9 November 2021.
  Visualization of the earthquake events at different depths appears to
  confirm the presence of both mantle and crustal reservoirs as proposed
  by Marrero et al.
  (<xref alt="2019" rid="ref-marrero2019" ref-type="bibr">2019</xref>).</p>
</sec>
<sec id="availability">
  <title>Availability</title>
  <p>A web scraping script was developed to pull data into a
  machine-readable form for analysis. That code tool
  <ext-link ext-link-type="uri" xlink:href="https://github.com/stevejpurves/ign-earthquake-data">is
  available on GitHub</ext-link> along with a copy of recently updated
  data.</p>
</sec>
</body>

<back>
<ref-list>
  <title></title>
  <ref id="ref-marrero2019">
    <element-citation publication-type="article-journal">
      <person-group person-group-type="author">
        <name><surname>Marrero</surname><given-names>José</given-names></name>
        <name><surname>García</surname><given-names>Alicia</given-names></name>
        <name><surname>Berrocoso</surname><given-names>Manuel</given-names></name>
        <name><surname>Llinares</surname><given-names>Ángeles</given-names></name>
        <name><surname>Rodríguez-Losada</surname><given-names>Antonio</given-names></name>
        <name><surname>Ortiz</surname><given-names>R.</given-names></name>
      </person-group>
      <article-title>Strategies for the development of volcanic hazard maps in monogenetic volcanic fields: The example of La Palma (Canary Islands)</article-title>
      <source>Journal of Applied Volcanology</source>
      <year iso-8601-date="2019-07">2019</year><month>07</month>
      <volume>8</volume>
      <pub-id pub-id-type="doi">10.1186/s13617-019-0085-5</pub-id>
      <fpage></fpage>
      <lpage></lpage>
    </element-citation>
  </ref>
</ref-list>
</back>

<sub-article article-type="notebook" id="nb-3-nb-1">
<front-stub>
<title-group>
<article-title>Data Screening</article-title>
</title-group>
<contrib-group>
<contrib contrib-type="author">
<contrib-id contrib-id-type="orcid">0000-0002-0760-5497</contrib-id>
<name>
<surname>Purves</surname>
<given-names>Steve</given-names>
</name>
<string-name>Steve Purves</string-name>

</contrib>
</contrib-group>
</front-stub>

<body>
<sec id="cell-96cd123b-e010-4778-9afa-9ca125ef50cc-nb-1" specific-use="notebook-content">
<p>Load and review the data, check that dates are loaded properly and
filter data down to the events in La Palma only. The dataset itself
contains all recent IGN earthquake data for Spanish territory.</p>
</sec>
<sec id="cell-0e75ded9-f2dc-40ca-884b-d124d0e37ee4-nb-1" specific-use="notebook-code">
<code language="python">import pandas as pd
import matplotlib.pyplot as plt</code>
</sec>
<sec id="ba38c3c1-51d7-48d9-8056-c23a0bbfcd18-nb-1" specific-use="notebook-code">
<code language="python">df = pd.read_csv('../data/catalogoComunSV_1663233588717.csv', sep=';')
df.columns = ['Event', 'Date', 'Time', 'Latitude', 'Longitude', 'Depth(km)', 'Intensity','Magnitude', 'Type Mag', 'Location']
df['Time'] = df['Time'].str.strip()
df['Date'] = df['Date'].str.strip()
df['DateTime'] = (df['Date'] + ' ' + df['Time']).apply(pd.to_datetime, format='%d/%m/%Y %H:%M:%S')
df['Timestamp'] = pd.to_numeric(pd.to_datetime(df['DateTime']))
df['Date'] = pd.to_datetime(df['Date'], format=&quot;%d/%m/%Y&quot;)
df = df.sort_values(by=['DateTime'], ascending=True)
df.head()</code>
<sec id="ba38c3c1-51d7-48d9-8056-c23a0bbfcd18-output-0-nb-1" specific-use="notebook-output">
<table-wrap>
  <table border="1">
    <thead>
      <tr style="text-align: right;">
        <th></th>
        <th>Event</th>
        <th>Date</th>
        <th>Time</th>
        <th>Latitude</th>
        <th>Longitude</th>
        <th>Depth(km)</th>
        <th>Intensity</th>
        <th>Magnitude</th>
        <th>Type Mag</th>
        <th>Location</th>
        <th>DateTime</th>
        <th>Timestamp</th>
      </tr>
    </thead>
    <tbody>
      <tr>
        <td>0</td>
        <td>es2017aaaga</td>
        <td>2017-01-01</td>
        <td>00:48:55</td>
        <td>36.6765</td>
        <td>-11.2736</td>
        <td>0.0</td>
        <td></td>
        <td>2.8</td>
        <td>6</td>
        <td>SW CABO DE SAN VICENTE</td>
        <td>2017-01-01 00:48:55</td>
        <td>1483231735000000000</td>
      </tr>
      <tr>
        <td>1</td>
        <td>es2017aaakn</td>
        <td>2017-01-01</td>
        <td>01:28:17</td>
        <td>28.1119</td>
        <td>-16.2225</td>
        <td>21.0</td>
        <td></td>
        <td>0.9</td>
        <td>4</td>
        <td>ATLÁNTICO-CANARIAS</td>
        <td>2017-01-01 01:28:17</td>
        <td>1483234097000000000</td>
      </tr>
      <tr>
        <td>2</td>
        <td>es2017aaang</td>
        <td>2017-01-01</td>
        <td>01:49:08</td>
        <td>42.0648</td>
        <td>-7.8471</td>
        <td>22.0</td>
        <td></td>
        <td>2.0</td>
        <td>4</td>
        <td>SW RAIRIZ DE VEIGA.OU</td>
        <td>2017-01-01 01:49:08</td>
        <td>1483235348000000000</td>
      </tr>
      <tr>
        <td>3</td>
        <td>es2017aabdd</td>
        <td>2017-01-01</td>
        <td>02:36:20</td>
        <td>38.3826</td>
        <td>-9.3767</td>
        <td>11.0</td>
        <td></td>
        <td>2.2</td>
        <td>4</td>
        <td>ATLÁNTICO-PORTUGAL</td>
        <td>2017-01-01 02:36:20</td>
        <td>1483238180000000000</td>
      </tr>
      <tr>
        <td>4</td>
        <td>es2017aabkh</td>
        <td>2017-01-01</td>
        <td>03:35:03</td>
        <td>36.2492</td>
        <td>-7.8227</td>
        <td>13.0</td>
        <td></td>
        <td>1.9</td>
        <td>4</td>
        <td>GOLFO DE CÁDIZ</td>
        <td>2017-01-01 03:35:03</td>
        <td>1483241703000000000</td>
      </tr>
    </tbody>
  </table>
</table-wrap>
</sec>
</sec>
<sec id="d81abbcf-d7f2-43e8-ae0c-5f6ce44e6046-nb-1" specific-use="notebook-code">
<code language="python">df.describe()</code>
<sec id="d81abbcf-d7f2-43e8-ae0c-5f6ce44e6046-output-0-nb-1" specific-use="notebook-output">
<table-wrap>
  <table border="1">
    <thead>
      <tr style="text-align: right;">
        <th></th>
        <th>Latitude</th>
        <th>Longitude</th>
        <th>Depth(km)</th>
        <th>Magnitude</th>
        <th>Type Mag</th>
        <th>Timestamp</th>
      </tr>
    </thead>
    <tbody>
      <tr>
        <td>count</td>
        <td>58036.000000</td>
        <td>58036.000000</td>
        <td>58036.000000</td>
        <td>58036.000000</td>
        <td>58036.000000</td>
        <td>5.803600e+04</td>
      </tr>
      <tr>
        <td>mean</td>
        <td>34.806854</td>
        <td>-8.356855</td>
        <td>11.450831</td>
        <td>1.881846</td>
        <td>4.031153</td>
        <td>1.596182e+18</td>
      </tr>
      <tr>
        <td>std</td>
        <td>5.263327</td>
        <td>7.119341</td>
        <td>11.111965</td>
        <td>0.763577</td>
        <td>0.291332</td>
        <td>4.954865e+16</td>
      </tr>
      <tr>
        <td>min</td>
        <td>26.349300</td>
        <td>-19.930400</td>
        <td>0.000000</td>
        <td>-0.500000</td>
        <td>3.000000</td>
        <td>1.483232e+18</td>
      </tr>
      <tr>
        <td>25%</td>
        <td>28.563800</td>
        <td>-16.672325</td>
        <td>3.000000</td>
        <td>1.400000</td>
        <td>4.000000</td>
        <td>1.559327e+18</td>
      </tr>
      <tr>
        <td>50%</td>
        <td>35.989200</td>
        <td>-4.785250</td>
        <td>10.000000</td>
        <td>1.800000</td>
        <td>4.000000</td>
        <td>1.612319e+18</td>
      </tr>
      <tr>
        <td>75%</td>
        <td>37.890700</td>
        <td>-3.234500</td>
        <td>14.300000</td>
        <td>2.400000</td>
        <td>4.000000</td>
        <td>1.635568e+18</td>
      </tr>
      <tr>
        <td>max</td>
        <td>44.985000</td>
        <td>5.996600</td>
        <td>115.000000</td>
        <td>6.000000</td>
        <td>6.000000</td>
        <td>1.663232e+18</td>
      </tr>
    </tbody>
  </table>
</table-wrap>
</sec>
</sec>
<sec id="cell-8f6c52f4-b28d-4c22-88c7-e1b17298cae7-nb-1" specific-use="notebook-code">
<code language="python">df.plot.scatter(x=&quot;Longitude&quot;, y=&quot;Latitude&quot;, figsize=(12,12), grid=&quot;on&quot;);</code>
<sec id="cell-8f6c52f4-b28d-4c22-88c7-e1b17298cae7-output-0-nb-1" specific-use="notebook-output">
<graphic mimetype="image" mime-subtype="png" xlink:href="data-screening_files/figure-jats/cell-5-output-1.png" />
</sec>
</sec>
<sec id="af76febd-11cd-4927-8476-5d8258ede326-nb-1" specific-use="notebook-content">
<sec id="filter-down-to-la-palma-events-only-nb-1">
  <title>Filter down to La Palma events only</title>
  <p>Also some rows seem to be missing depth measurements, (see
  differences in the <bold>count</bold> for columns above) - take only
  rows with valid depths</p>
  </sec>
  <sec id="c34e47c1-c9cb-4207-978c-292333863e9b-nb-1" specific-use="notebook-code">
  <code language="python">df = df[(df['Latitude'] &lt; 28.7) &amp; (df['Latitude'] &gt; 28.3) &amp; (df['Longitude'] &lt; -17.7) &amp; (df['Longitude'] &gt; -18)]
df = df[df['Depth(km)'].notna()]
df.describe()</code>
  <sec id="c34e47c1-c9cb-4207-978c-292333863e9b-output-0-nb-1" specific-use="notebook-output">
  <table-wrap>
    <table border="1">
      <thead>
        <tr style="text-align: right;">
          <th></th>
          <th>Latitude</th>
          <th>Longitude</th>
          <th>Depth(km)</th>
          <th>Magnitude</th>
          <th>Type Mag</th>
          <th>Timestamp</th>
        </tr>
      </thead>
      <tbody>
        <tr>
          <td>count</td>
          <td>11347.000000</td>
          <td>11347.000000</td>
          <td>11347.000000</td>
          <td>11347.000000</td>
          <td>11347.0</td>
          <td>1.134700e+04</td>
        </tr>
        <tr>
          <td>mean</td>
          <td>28.568893</td>
          <td>-17.844062</td>
          <td>14.089345</td>
          <td>2.432423</td>
          <td>4.0</td>
          <td>1.633359e+18</td>
        </tr>
        <tr>
          <td>std</td>
          <td>0.021899</td>
          <td>0.027345</td>
          <td>8.624787</td>
          <td>0.705282</td>
          <td>0.0</td>
          <td>2.007970e+16</td>
        </tr>
        <tr>
          <td>min</td>
          <td>28.310200</td>
          <td>-17.995800</td>
          <td>0.000000</td>
          <td>0.200000</td>
          <td>4.0</td>
          <td>1.489103e+18</td>
        </tr>
        <tr>
          <td>25%</td>
          <td>28.558000</td>
          <td>-17.854100</td>
          <td>10.100000</td>
          <td>1.900000</td>
          <td>4.0</td>
          <td>1.633777e+18</td>
        </tr>
        <tr>
          <td>50%</td>
          <td>28.564000</td>
          <td>-17.838700</td>
          <td>11.300000</td>
          <td>2.600000</td>
          <td>4.0</td>
          <td>1.635671e+18</td>
        </tr>
        <tr>
          <td>75%</td>
          <td>28.574300</td>
          <td>-17.829700</td>
          <td>13.900000</td>
          <td>2.900000</td>
          <td>4.0</td>
          <td>1.638294e+18</td>
        </tr>
        <tr>
          <td>max</td>
          <td>28.697800</td>
          <td>-17.705700</td>
          <td>46.900000</td>
          <td>5.100000</td>
          <td>4.0</td>
          <td>1.663128e+18</td>
        </tr>
      </tbody>
    </table>
  </table-wrap>
  </sec>
  </sec>
  <sec id="cell-306ba432-daa7-4126-9b5a-689e1ad41e3a-nb-1" specific-use="notebook-code">
  <code language="python">plt.figure(figsize=(20,6))
plt.subplot(1,3,1)
df[&quot;Latitude&quot;].plot.hist(bins=20, density=True)
df[&quot;Latitude&quot;].plot.kde()
plt.subplot(1,3,2)
df[&quot;Longitude&quot;].plot.hist(bins=20, density=True)
df[&quot;Longitude&quot;].plot.kde()
plt.subplot(1,3,3)
df[&quot;Depth(km)&quot;].plot.hist(bins=50, density=True)
_=df[&quot;Depth(km)&quot;].plot.kde()</code>
  <sec id="cell-306ba432-daa7-4126-9b5a-689e1ad41e3a-output-0-nb-1" specific-use="notebook-output">
  <graphic mimetype="image" mime-subtype="png" xlink:href="data-screening_files/figure-jats/cell-7-output-1.png" />
  </sec>
  </sec>
  <sec id="cell-1bf2e599-12d6-40e9-bd99-db68ae6e72f5-nb-1" specific-use="notebook-content">
</sec>
<sec id="spatial-plot-nb-1">
  <title>Spatial Plot</title>
  <p>Scatter plot the spatial locations of events</p>
  </sec>
  <sec id="ed0bda66-c063-47bd-a12e-c688543845b7-nb-1" specific-use="notebook-code">
  <code language="python">from matplotlib import colormaps
cmap = colormaps['viridis_r']
ax = df.plot.scatter(x=&quot;Longitude&quot;, y=&quot;Latitude&quot;, s=40-df[&quot;Depth(km)&quot;], c=df[&quot;Magnitude&quot;], figsize=(12,10), grid=&quot;on&quot;, cmap=cmap)</code>
  <sec id="ed0bda66-c063-47bd-a12e-c688543845b7-output-0-nb-1" specific-use="notebook-output">
  <preformat>/opt/anaconda3/envs/py3/lib/python3.9/site-packages/matplotlib/collections.py:967: RuntimeWarning: invalid value encountered in sqrt
  scale = np.sqrt(self._sizes) * dpi / 72.0 * self._factor</preformat>
  </sec>
  <sec id="ed0bda66-c063-47bd-a12e-c688543845b7-output-1-nb-1" specific-use="notebook-output">
  <graphic mimetype="image" mime-subtype="png" xlink:href="data-screening_files/figure-jats/cell-8-output-2.png" />
  </sec>
  </sec>
  <sec id="c55cd6b8-7e01-4c2d-aa71-1649ca8aee01-nb-1" specific-use="notebook-content">
  <sec id="timeline-plot-nb-1">
    <title>Timeline Plot</title>
    <p>Scatter plot the event time series and look for any quantization
    issues. Have times &amp; dates been loaded correctly?</p>
    </sec>
    <sec id="cell-58a022c7-f34c-499d-a749-aa01f0e1b5db-nb-1" specific-use="notebook-code">
    <code language="python">ax = df.plot.scatter(x='DateTime', y='Depth(km)', figsize=(20,8))
ax.set_ylim(50,0);</code>
    <sec id="cell-58a022c7-f34c-499d-a749-aa01f0e1b5db-output-0-nb-1" specific-use="notebook-output">
    <graphic mimetype="image" mime-subtype="png" xlink:href="data-screening_files/figure-jats/cell-9-output-1.png" />
    </sec>
    </sec>
    <sec id="f0a0d350-ed14-4128-9efe-cfcf2d05a66b-nb-1" specific-use="notebook-code">
    <code language="python">df['Swarm'] = 0
df.loc[(df['Date'] &gt;= '2017-10-01') &amp; (df['Date'] &lt;= '2017-10-31'), 'Swarm'] = 1
df.loc[(df['Date'] &gt;= '2019-02-01') &amp; (df['Date'] &lt;= '2019-02-28'), 'Swarm'] = 2
df.loc[(df['Date'] &gt;= '2020-07-21') &amp; (df['Date'] &lt;= '2020-08-05'), 'Swarm'] = 3
df.loc[(df['Date'] &gt;= '2020-10-04') &amp; (df['Date'] &lt;= '2020-10-10'), 'Swarm'] = 4
df.loc[(df['Date'] &gt;= '2020-10-11') &amp; (df['Date'] &lt;= '2020-10-22'), 'Swarm'] = 5
df.loc[(df['Date'] &gt;= '2020-11-15') &amp; (df['Date'] &lt;= '2020-11-29'), 'Swarm'] = 6
df.loc[(df['Date'] &gt;= '2020-12-10') &amp; (df['Date'] &lt;= '2020-12-29'), 'Swarm'] = 7
df.loc[(df['Date'] &gt;= '2020-12-10') &amp; (df['Date'] &lt;= '2020-12-31'), 'Swarm'] = 8
df.loc[(df['Date'] &gt;= '2021-01-15') &amp; (df['Date'] &lt;= '2021-02-07'), 'Swarm'] = 9
df.loc[(df['Date'] &gt;= '2021-06-01') &amp; (df['Date'] &lt;= '2021-06-30'), 'Swarm'] = 10
df.loc[(df['Date'] &gt;= '2021-07-01'), 'Swarm'] = None


df['Phase'] = 0;
df.loc[(df['Date'] &gt;= '2021-09-11') &amp; (df['Date'] &lt;= '2021-09-30'), 'Phase'] = 1
df.loc[(df['Date'] &gt;= '2021-10-01') &amp; (df['Date'] &lt;= '2021-11-30'), 'Phase'] = 2
df.loc[(df['Date'] &gt;= '2021-12-01') &amp; (df['Date'] &lt;= '2021-12-31'), 'Phase'] = 3
df.loc[(df['Date'] &gt;= '2021-12-31'), 'Phase'] = 4</code>
    </sec>
    <sec id="abd100da-cf39-47e4-8287-de4e9f5e3f6d-nb-1" specific-use="notebook-code">
    <code language="python">df.to_csv(&quot;../data/lapalma_ign.csv&quot;, index=False)</code>
    </sec>
  </sec>
</sec>
</body>



<back>
</back>


</sub-article>
<sub-article article-type="notebook" id="nb-6-nb-2">
<front-stub>
<title-group>
<article-title>Visualization &amp; Figure Creation</article-title>
</title-group>
<contrib-group>
<contrib contrib-type="author">
<contrib-id contrib-id-type="orcid">0000-0002-0760-5497</contrib-id>
<name>
<surname>Purves</surname>
<given-names>Steve</given-names>
</name>
<string-name>Steve Purves</string-name>

</contrib>
</contrib-group>
</front-stub>

<body>
<sec id="cell-8f3f2a59-nb-2" specific-use="notebook-content">
<sec id="main-timeline-figure-nb-2">
  <title>Main Timeline Figure</title>
  </sec>
  <sec id="cell-12f72d64-nb-2" specific-use="notebook-code">
  <code language="python">%matplotlib inline
import pandas as pd
import matplotlib
import matplotlib.pyplot as plt
import seaborn as sns
import numpy as np
sns.set_theme(style=&quot;whitegrid&quot;)</code>
  </sec>
  <sec id="cell-291dc1cc-nb-2" specific-use="notebook-code">
  <code language="python">def make_category_columns(df):
    df['Depth'] = 'Shallow (&lt;18km)'
    df.loc[(df['Depth(km)'] &gt;= 18) &amp; (df['Depth(km)'] &lt;= 28), 'Depth'] = 'Interchange (18km&gt;x&gt;28km)'
    df.loc[df['Depth(km)'] &gt;= 28, 'Depth'] = 'Deep (&gt;28km)'
    
    df['Mag'] = 0
    df.loc[(df['Magnitude'] &gt;= 1) &amp; (df['Magnitude'] &lt;= 2), 'Mag'] = 1
    df.loc[(df['Magnitude'] &gt;= 2) &amp; (df['Magnitude'] &lt;= 3), 'Mag'] = 2
    df.loc[(df['Magnitude'] &gt;= 3) &amp; (df['Magnitude'] &lt;= 4), 'Mag'] = 3
    df.loc[(df['Magnitude'] &gt;= 4) &amp; (df['Magnitude'] &lt;= 5), 'Mag'] = 4    
    
    return df</code>
  </sec>
  <sec id="cb96f187-nb-2" specific-use="notebook-content">
</sec>
<sec id="visualising-long-term-earthquake-data-nb-2">
  <title>Visualising Long term earthquake data</title>
  <p>Data taken directly from the IGN Catalog and processed using the
  <ext-link ext-link-type="uri" xlink:href="data-screening.ipynb">data
  screening notebook</ext-link>.</p>
  </sec>
  <sec id="f48a68e0-nb-2" specific-use="notebook-code">
  <code language="python">df_ign = pd.read_csv('../data/lapalma_ign.csv')
df_ign = make_category_columns(df_ign)
df_ign.head()</code>
  <sec id="f48a68e0-output-0-nb-2" specific-use="notebook-output">
  <table-wrap>
    <table border="1">
      <thead>
        <tr style="text-align: right;">
          <th></th>
          <th>Event</th>
          <th>Date</th>
          <th>Time</th>
          <th>Latitude</th>
          <th>Longitude</th>
          <th>Depth(km)</th>
          <th>Intensity</th>
          <th>Magnitude</th>
          <th>Type Mag</th>
          <th>Location</th>
          <th>DateTime</th>
          <th>Timestamp</th>
          <th>Swarm</th>
          <th>Phase</th>
          <th>Depth</th>
          <th>Mag</th>
        </tr>
      </thead>
      <tbody>
        <tr>
          <td>0</td>
          <td>es2017eugju</td>
          <td>2017-03-09</td>
          <td>23:44:06</td>
          <td>28.5346</td>
          <td>-17.8349</td>
          <td>26.0</td>
          <td></td>
          <td>1.6</td>
          <td>4</td>
          <td>NE FUENCALIENTE DE LA PALMA.IL</td>
          <td>2017-03-09 23:44:06</td>
          <td>1489103046000000000</td>
          <td>0.0</td>
          <td>0</td>
          <td>Interchange (18km&gt;x&gt;28km)</td>
          <td>1</td>
        </tr>
        <tr>
          <td>1</td>
          <td>es2017euhlh</td>
          <td>2017-03-10</td>
          <td>00:16:10</td>
          <td>28.5491</td>
          <td>-17.8459</td>
          <td>27.0</td>
          <td></td>
          <td>2.0</td>
          <td>4</td>
          <td>N FUENCALIENTE DE LA PALMA.ILP</td>
          <td>2017-03-10 00:16:10</td>
          <td>1489104970000000000</td>
          <td>0.0</td>
          <td>0</td>
          <td>Interchange (18km&gt;x&gt;28km)</td>
          <td>2</td>
        </tr>
        <tr>
          <td>2</td>
          <td>es2017cpaoh</td>
          <td>2017-03-10</td>
          <td>00:16:11</td>
          <td>28.5008</td>
          <td>-17.8863</td>
          <td>20.0</td>
          <td></td>
          <td>2.1</td>
          <td>4</td>
          <td>W LOS CANARIOS.ILP</td>
          <td>2017-03-10 00:16:11</td>
          <td>1489104971000000000</td>
          <td>0.0</td>
          <td>0</td>
          <td>Interchange (18km&gt;x&gt;28km)</td>
          <td>2</td>
        </tr>
        <tr>
          <td>3</td>
          <td>es2017eunnk</td>
          <td>2017-03-10</td>
          <td>03:20:26</td>
          <td>28.5204</td>
          <td>-17.8657</td>
          <td>30.0</td>
          <td></td>
          <td>1.6</td>
          <td>4</td>
          <td>NW FUENCALIENTE DE LA PALMA.IL</td>
          <td>2017-03-10 03:20:26</td>
          <td>1489116026000000000</td>
          <td>0.0</td>
          <td>0</td>
          <td>Deep (&gt;28km)</td>
          <td>1</td>
        </tr>
        <tr>
          <td>4</td>
          <td>es2017kajei</td>
          <td>2017-08-21</td>
          <td>02:06:55</td>
          <td>28.5985</td>
          <td>-17.7156</td>
          <td>0.0</td>
          <td></td>
          <td>1.6</td>
          <td>4</td>
          <td>E EL PUEBLO.ILP</td>
          <td>2017-08-21 02:06:55</td>
          <td>1503281215000000000</td>
          <td>0.0</td>
          <td>0</td>
          <td>Shallow (&lt;18km)</td>
          <td>1</td>
        </tr>
      </tbody>
    </table>
  </table-wrap>
  </sec>
  </sec>
  <sec id="cell-59c54f01-nb-2" specific-use="notebook-code">
  <code language="python">df_ign['DateTime'] = pd.to_datetime(df_ign['Date'] + ' ' + df_ign['Time'])
df_ign['DateTime']</code>
  <sec id="cell-59c54f01-output-0-nb-2" specific-use="notebook-output">
  <preformat>0       2017-03-09 23:44:06
1       2017-03-10 00:16:10
2       2017-03-10 00:16:11
3       2017-03-10 03:20:26
4       2017-08-21 02:06:55
                ...        
11342   2022-09-14 00:20:51
11343   2022-09-14 01:40:30
11344   2022-09-14 01:44:52
11345   2022-09-14 02:03:08
11346   2022-09-14 03:58:59
Name: DateTime, Length: 11347, dtype: datetime64[ns]</preformat>
  </sec>
  </sec>
  <sec id="f7731cea-nb-2" specific-use="notebook-code">
  <code language="python">df_ign_early = df_ign[df_ign['DateTime'] &lt; '2021-09-11']
df_ign_pre = df_ign[(df_ign['DateTime'] &gt;= '2021-09-11')&amp;(df_ign['DateTime'] &lt; '2021-09-19 14:13:00')]
df_ign_phase1 = df_ign[(df_ign['DateTime'] &gt;= '2021-09-19 14:13:00')&amp;(df_ign['DateTime'] &lt; '2021-10-01')]
df_ign_phase2 = df_ign[(df_ign['DateTime'] &gt;= '2021-10-01')&amp;(df_ign['DateTime'] &lt; '2021-12-01')]
df_ign_phase3 = df_ign[(df_ign['DateTime'] &gt;= '2021-12-01')&amp;(df_ign['DateTime'] &lt;= '2021-12-31')]

df_erupt = df_ign[(df_ign['Date'] &lt; '2022-01-01') &amp; (df_ign['Date'] &gt; '2021-09-11')]

df_erupt_1 = df_erupt[df_erupt['Magnitude'] &lt; 1.0]
df_erupt_2 = df_erupt[(df_erupt['Magnitude'] &gt;= 1.0)&amp;(df_erupt['Magnitude'] &lt; 2.0)]
df_erupt_3 = df_erupt[(df_erupt['Magnitude'] &gt;= 2.0)&amp;(df_erupt['Magnitude'] &lt; 3.0)]
df_erupt_4 = df_erupt[(df_erupt['Magnitude'] &gt;= 3.0)&amp;(df_erupt['Magnitude'] &lt; 4.0)]
df_erupt_5 = df_erupt[df_erupt['Magnitude'] &gt; 4.0]</code>
  </sec>
  <sec id="cell-fig-timeline-nb-2" specific-use="notebook-code">
  <code language="python">from matplotlib.patches import Rectangle

import datetime as dt
from matplotlib.dates import date2num, num2date

matplotlib.rcParams['font.sans-serif'] = &quot;Helvetica&quot;
matplotlib.rcParams['font.family'] = &quot;sans-serif&quot;
matplotlib.rcParams['xtick.labelsize'] = 14
matplotlib.rcParams['ytick.labelsize'] = 14
matplotlib.rcParams['ytick.labelleft'] = True
matplotlib.rcParams['ytick.labelright'] = True

fig = matplotlib.pyplot.figure(figsize=(24,12), dpi=300)
fig.tight_layout()
# Creating axis
# add_axes([xmin,ymin,dx,dy])
ax_min = fig.add_axes([0.01, 0.01, 0.01, 0.01])
ax_min.axis('off')
ax_max = fig.add_axes([0.99, 0.99, 0.01, 0.01])
ax_max.axis('off')

ax_timeline = fig.add_axes([0.04, 0.1, 0.92, 0.85])
ax_timeline.spines[&quot;top&quot;].set_visible(False)
ax_timeline.spines[&quot;right&quot;].set_visible(False)
ax_timeline.spines[&quot;left&quot;].set_visible(False)
ax_timeline.grid(axis='x')


ax_timeline.axvline(x=dt.datetime(2021, 9, 19, 14, 13), ymin=0.075, ymax=0.98, color='r', linewidth=3)


def make_scatter(df, c, alpha=0.8):
    M = 3*np.exp2(1.3*df['Magnitude'])
    return ax_timeline.scatter(df['DateTime'], df['Depth(km)'], s=M, c=c, alpha=alpha, edgecolor='black', linewidth=0.5, zorder=2);

points_1 = make_scatter(df_erupt_1, c=[(0.890, 0.466, 0.760)], alpha=0.3)
points_2 = make_scatter(df_erupt_2, c=[(0.737, 0.741, 0.133)], alpha=0.4)
points_3 = make_scatter(df_erupt_3, c=[(0.172, 0.627, 0.172)], alpha=0.5)
points_4 = make_scatter(df_erupt_4, c=[(1.000, 0.498, 0.054)], alpha=0.6)
points_5 = make_scatter(df_erupt_5, c=[(0.839, 0.152, 0.156)], alpha=0.8)

ax_timeline.tick_params(axis='x', labelrotation=0, bottom=True)
ax_timeline.set_ylabel('')
ax_timeline.yaxis.set_ticks_position('both')
ax_timeline.yaxis.set_ticks_position('both')

xticks = ax_timeline.get_xticks()
new_xticks = [date2num(pd.to_datetime('2021-09-11')),
    date2num(pd.to_datetime('2021-09-19 14:13:00'))]
new_xticks = np.append(new_xticks, xticks[2:-1])
ax_timeline.set_xticks(new_xticks)

ax_timeline.invert_yaxis()
ax_timeline.spines['bottom'].set_position(('data', 45))
ax_timeline.margins(tight=True, x=0)
ax_timeline.legend(
    [points_1, points_2, points_3, points_4, points_5],
    ['0 &lt; M &lt;= 1','1 &lt; M &lt;= 2','2 &lt; M &lt;= 3','3 &lt; M &lt;= 4','M &gt; 4'],
    loc='lower left', bbox_to_anchor=(0.01, 0.1, 0.15, 0.1), fancybox=True,
    borderpad=1.0, labelspacing=1, mode=&quot;expand&quot;, title=&quot;Event Magnitude (M)&quot;,
    fontsize=14, title_fontsize=14, framealpha=1)

ax_timeline.set_ylim(ax_timeline.get_ylim()[0], -9)

plt.annotate('ERUPTION', (0.055, 0.42), rotation=90, xycoords='axes fraction', fontweight='bold', fontsize=20, color='r')
plt.annotate('Pre\nEruptive\nSwarm', (0.035, 0.88), rotation=0, xycoords='axes fraction', fontweight='bold', fontsize=20, color='b', horizontalalignment='center')
plt.annotate('Early Eruptive\nPhase', (0.12, 0.9), rotation=0, xycoords='axes fraction', fontweight='bold', fontsize=20, color='orange', horizontalalignment='center')
plt.annotate('Main Eruptive Phase\n(sustained gas and lava ejection)', (0.45, 0.9), rotation=0, xycoords='axes fraction', fontweight='bold', fontsize=20, color='green', horizontalalignment='center')
plt.annotate('Final Eruptive Phase\n(reducing gas and lava ejection)', (0.86, 0.9), rotation=0, xycoords='axes fraction', fontweight='bold', fontsize=20, color='r', horizontalalignment='center')

ax_timeline.add_patch(Rectangle((date2num(pd.to_datetime('2021-09-11')), -8), date2num(pd.to_datetime('2021-09-19 14:13:00'))-date2num(pd.to_datetime('2021-09-11')), 53, color=(0.121, 0.466, 0.705), zorder=1, alpha=0.1))
ax_timeline.add_patch(Rectangle((date2num(pd.to_datetime('2021-09-19 14:13:00')), -8), date2num(pd.to_datetime('2021-10-01'))-date2num(pd.to_datetime('2021-09-19 14:13:00')), 53, color=(1.000, 0.498, 0.055), zorder=1, alpha=0.1))
ax_timeline.add_patch(Rectangle((date2num(pd.to_datetime('2021-10-01')), -8), date2num(pd.to_datetime('2021-12-01'))-date2num(pd.to_datetime('2021-10-01')), 53, color=(0.173, 0.627, 0.172), zorder=1, alpha=0.1))
ax_timeline.add_patch(Rectangle((date2num(pd.to_datetime('2021-12-01')), -8), date2num(pd.to_datetime('2021-12-31'))-date2num(pd.to_datetime('2021-12-01'))+1, 53, color=(0.839, 0.152, 0.156), zorder=1, alpha=0.1));

ax_timeline.set_title(&quot;Recorded seismicity during the La Palma eruption 11 September - 15 December 2021 (INVOLCAN Dataset)&quot;, dict(fontsize=24), pad=20)
ax_timeline.set_ylabel(&quot;Depth (km)&quot;, dict(fontsize=20), labelpad=20)
ax_timeline.set_xlabel(&quot;Eruption Timeline&quot;, dict(fontsize=20), labelpad=20);</code>
  <sec id="cell-fig-timeline-output-0-nb-2" specific-use="notebook-output">
  <fig id="fig-timeline-nb-2">
    <caption><p>Figure 1: Earthquake data over time (n=5465) to
    understand their distributions spatially, by depth, by magnitude and
    in time.</p></caption>
    <graphic mimetype="image" mime-subtype="png" xlink:href="visualization-figure-creation-seaborn_files/figure-jats/fig-timeline-output-1.png" />
  </fig>
  </sec>
  </sec>
  <sec id="cell-63241424-nb-2" specific-use="notebook-content">
</sec>
<sec id="cumulative-distrubtion-plots-nb-2">
  <title>Cumulative Distrubtion Plots</title>
  </sec>
  <sec id="abbf0d50-nb-2" specific-use="notebook-code">
  <code language="python">def cumulative_events_mag_depth(df, hue='Depth', kind='scatter', ax=None, dpi=300, palette=None, kde=True):
    matplotlib.rcParams['ytick.labelright'] = False
    g = sns.jointplot(x=&quot;Magnitude&quot;, y=&quot;Depth(km)&quot;, data=df,
                      kind=kind, hue=hue, height=10, space=0.1, marginal_ticks=False, ratio=8, alpha=0.6,
                      hue_order=['Shallow (&lt;18km)', 'Interchange (18km&gt;x&gt;28km)', 'Deep (&gt;28km)'],
                      ax=ax, palette=palette, ylim=(-2,50), xlim=(0.3,5.6), edgecolor=&quot;.2&quot;, marginal_kws=dict(bins=20))
    if kde:
        g.plot_joint(sns.kdeplot, color=&quot;b&quot;, zorder=1, levels=15, ax=ax)
    g.fig.axes[0].invert_yaxis();
    g.fig.set_dpi(dpi)</code>
  </sec>
  <sec id="cell-9fc0146a-nb-2" specific-use="notebook-code">
  <code language="python">cumulative_events_mag_depth(df_ign, hue=None)
plt.suptitle('Cumulative Events 01-01-2017 to 01-01-2022', y=1.01);</code>
  <sec id="cell-9fc0146a-output-0-nb-2" specific-use="notebook-output">
  <graphic mimetype="image" mime-subtype="png" xlink:href="visualization-figure-creation-seaborn_files/figure-jats/cell-9-output-1.png" />
  </sec>
  </sec>
  <sec id="b1fc42cc-nb-2" specific-use="notebook-code">
  <code language="python">cumulative_events_mag_depth(df_ign_early, hue=None)
plt.suptitle(f'Events prior to 2021-09-11 ({len(df_ign_early.index)} events)', y=1.01);</code>
  <sec id="b1fc42cc-output-0-nb-2" specific-use="notebook-output">
  <graphic mimetype="image" mime-subtype="png" xlink:href="visualization-figure-creation-seaborn_files/figure-jats/cell-10-output-1.png" />
  </sec>
  </sec>
  <sec id="cell-19e275d7-nb-2" specific-use="notebook-code">
  <code language="python">cumulative_events_mag_depth(df_ign_pre, hue=None)
plt.suptitle(f&quot;Events Immediately before Eruption 11-19 September 2021 ({len(df_ign_pre.index)} events)&quot;, y=1.01);</code>
  <sec id="cell-19e275d7-output-0-nb-2" specific-use="notebook-output">
  <graphic mimetype="image" mime-subtype="png" xlink:href="visualization-figure-creation-seaborn_files/figure-jats/cell-11-output-1.png" />
  </sec>
  </sec>
  <sec id="cell-4bcecbd4-nb-2" specific-use="notebook-code">
  <code language="python">cumulative_events_mag_depth(df_ign_phase1, hue=None)
plt.suptitle(f&quot;Events in Phase 1 of Eruption 2021-09-11 to 2021-09-30 ({len(df_ign_phase1.index)} events)&quot;, y=1.01);</code>
  <sec id="cell-4bcecbd4-output-0-nb-2" specific-use="notebook-output">
  <graphic mimetype="image" mime-subtype="png" xlink:href="visualization-figure-creation-seaborn_files/figure-jats/cell-12-output-1.png" />
  </sec>
  </sec>
  <sec id="cell-012f5878-nb-2" specific-use="notebook-code">
  <code language="python">cumulative_events_mag_depth(df_ign_phase2, hue=None)
plt.suptitle(f&quot;Events in Phase 2 of Eruption 2021-10-01 to 2021-11-31 ({len(df_ign_phase2.index)} events)&quot;, y=1.01);</code>
  <sec id="cell-012f5878-output-0-nb-2" specific-use="notebook-output">
  <graphic mimetype="image" mime-subtype="png" xlink:href="visualization-figure-creation-seaborn_files/figure-jats/cell-13-output-1.png" />
  </sec>
  </sec>
  <sec id="cell-32e0996c-nb-2" specific-use="notebook-code">
  <code language="python">cumulative_events_mag_depth(df_ign_phase3, hue=None)
plt.suptitle(f&quot;Events in Phase 3 of Eruption 2021-12-01 to 2021-12-31 ({len(df_ign_phase3.index)} events)&quot;, y=1.01);</code>
  <sec id="cell-32e0996c-output-0-nb-2" specific-use="notebook-output">
  <graphic mimetype="image" mime-subtype="png" xlink:href="visualization-figure-creation-seaborn_files/figure-jats/cell-14-output-1.png" />
  </sec>
  </sec>
</sec>
</body>



<back>
</back>


</sub-article>
<sub-article article-type="notebook" id="nb-10-nb-3">
<front-stub>
<title-group>
<article-title>Seismic Monitoring Stations</article-title>
</title-group>
</front-stub>

<body>
<sec id="monitoring-la-palma-nb-3">
  <title>Monitoring La Palma</title>
  <p>The Instituto Geográphico Nacional of Spain maintains a listing of
  the monitoring equipment and resources installed on the Canary
  Islands, including the island of La Palma. The equipment is installed
  and operated by the various cooperating governmental organizations and
  IGN.</p>
  <p>The monitoring stations measure position, seismic activity,
  chemistry/gas, deformation, and inclination. The network of seismic
  monitoring stations marked by the wave icon (dark blue) in Figure 1
  below is of particular interest to this study.</p>
  <fig id="fig-stations-nb-3">
    <caption><p>Locations of monitoring stations on the island of La
    Palma - including locations of the 11 current seismic stations
    operating. The map shown is available on the IGN data portal at:
    <ext-link ext-link-type="uri" xlink:href="http://www.ign.es/resources/volcanologia/estaciones_red/estaciones.html">http://www.ign.es/resources/volcanologia/estaciones_red/estaciones.html</ext-link></p></caption>
    <graphic mimetype="image" mime-subtype="png" xlink:href="../images/stations.png" />
  </fig>
</sec>
<sec id="seismic-monitoring-stations-nb-3">
  <title>Seismic Monitoring Stations</title>
  <p>The active seismic monitoring stations have been installed over the
  period 2009 to 2021. As of Aug 5, 2022 there are 12 active stations
  (@tbl-active) and 4 decommissioned stations (@tbl-inactive).</p>
  <fig id="tbl-active-nb-3">
    <caption><p>Seismic monitoring stations on La Palma</p></caption>
    <table-wrap>
      <table>
        <colgroup>
          <col width="11%" />
          <col width="11%" />
          <col width="11%" />
          <col width="11%" />
          <col width="11%" />
          <col width="44%" />
        </colgroup>
        <thead>
          <tr>
            <th>Id</th>
            <th>Installed</th>
            <th>Upgraded</th>
            <th>Location</th>
            <th>Channels</th>
            <th>Links</th>
          </tr>
        </thead>
        <tbody>
          <tr>
            <td>EHIG</td>
            <td>13/03/2009</td>
            <td></td>
            <td>Tigalate, Villa de Mazo</td>
            <td>HH</td>
            <td><ext-link ext-link-type="uri" xlink:href="https://www.ign.es/web/ign/portal/vlc-estaciones-red/-/estaciones-canarias/sismologiaDetalleEstaciones?codT=IGN&amp;codEs=EHIG&amp;mapa=N">link</ext-link></td>
          </tr>
          <tr>
            <td>TBT</td>
            <td>27/10/2012</td>
            <td></td>
            <td>Barranco de las Angustias, El Paso</td>
            <td>HH</td>
            <td><ext-link ext-link-type="uri" xlink:href="https://www.ign.es/web/ign/portal/vlc-estaciones-red/-/estaciones-canarias/sismologiaDetalleEstaciones?codT=IGN&amp;codEs=TBT&amp;mapa=N">link</ext-link></td>
          </tr>
          <tr>
            <td>CJED</td>
            <td>24/05/2017</td>
            <td></td>
            <td>Jedey, El Paso</td>
            <td>HH</td>
            <td><ext-link ext-link-type="uri" xlink:href="https://www.ign.es/web/ign/portal/vlc-estaciones-red/-/estaciones-canarias/sismologiaDetalleEstaciones?codT=IGN&amp;codEs=CJED&amp;mapa=N">link</ext-link></td>
          </tr>
          <tr>
            <td>CPUN</td>
            <td>24/05/2017</td>
            <td>23/06/2017</td>
            <td>Los Aviseros, Puntallana</td>
            <td>HH</td>
            <td><ext-link ext-link-type="uri" xlink:href="https://www.ign.es/web/ign/portal/vlc-estaciones-red/-/estaciones-canarias/sismologiaDetalleEstaciones?codT=IGN&amp;codEs=CPUN&amp;mapa=N">link</ext-link></td>
          </tr>
          <tr>
            <td>CTEN</td>
            <td>25/05/2017</td>
            <td></td>
            <td>Las Machuqueras, Fuencaliente</td>
            <td>HH</td>
            <td><ext-link ext-link-type="uri" xlink:href="https://www.ign.es/web/ign/portal/vlc-estaciones-red/-/estaciones-canarias/sismologiaDetalleEstaciones?codT=IGN&amp;codEs=CTEN&amp;mapa=N">link</ext-link></td>
          </tr>
          <tr>
            <td>CROM</td>
            <td>10/10/2017</td>
            <td>14/08/2019</td>
            <td>Observatorio del Roque de los Muchachos, Garafía</td>
            <td>HH</td>
            <td><ext-link ext-link-type="uri" xlink:href="https://www.ign.es/web/ign/portal/vlc-estaciones-red/-/estaciones-canarias/sismologiaDetalleEstaciones?codT=IGN&amp;codEs=CROM&amp;mapa=N">link</ext-link></td>
          </tr>
          <tr>
            <td>CENR</td>
            <td>10/10/2017</td>
            <td></td>
            <td>Cumbre Vieja, El Paso</td>
            <td>HH</td>
            <td><ext-link ext-link-type="uri" xlink:href="https://www.ign.es/web/ign/portal/vlc-estaciones-red/-/estaciones-canarias/sismologiaDetalleEstaciones?codT=IGN&amp;codEs=CENR&amp;mapa=N">link</ext-link></td>
          </tr>
          <tr>
            <td>CGOR</td>
            <td>17/11/2017</td>
            <td></td>
            <td>Helipuerto BRIF, Puntagorda</td>
            <td>HH</td>
            <td><ext-link ext-link-type="uri" xlink:href="https://www.ign.es/web/ign/portal/vlc-estaciones-red/-/estaciones-canarias/sismologiaDetalleEstaciones?codT=IGN&amp;codEs=CGOR&amp;mapa=N">link</ext-link></td>
          </tr>
          <tr>
            <td>CMIR</td>
            <td>08/11/2017</td>
            <td>20/03/2019</td>
            <td>P.N. La Caldera de Tabueriente, El Paso</td>
            <td>HH</td>
            <td><ext-link ext-link-type="uri" xlink:href="https://www.ign.es/web/ign/portal/vlc-estaciones-red/-/estaciones-canarias/sismologiaDetalleEstaciones?codT=IGN&amp;codEs=CMIR&amp;mapa=N">link</ext-link></td>
          </tr>
          <tr>
            <td>CBRE</td>
            <td>03/04/2018</td>
            <td></td>
            <td>Breña Baja</td>
            <td>HH</td>
            <td><ext-link ext-link-type="uri" xlink:href="https://www.ign.es/web/ign/portal/vlc-estaciones-red/-/estaciones-canarias/sismologiaDetalleEstaciones?codT=IGN&amp;codEs=CBRE&amp;mapa=N">link</ext-link></td>
          </tr>
          <tr>
            <td>CALD</td>
            <td>08/04/2021</td>
            <td></td>
            <td>Villa de Mazo</td>
            <td>HH</td>
            <td><ext-link ext-link-type="uri" xlink:href="https://www.ign.es/web/ign/portal/vlc-estaciones-red/-/estaciones-canarias/sismologiaDetalleEstaciones?codT=IGN&amp;codEs=CALD&amp;mapa=N">link</ext-link></td>
          </tr>
          <tr>
            <td>CAVE</td>
            <td>29/09/2021</td>
            <td></td>
            <td>Tajuya</td>
            <td>HH</td>
            <td><ext-link ext-link-type="uri" xlink:href="https://www.ign.es/web/ign/portal/vlc-estaciones-red/-/estaciones-canarias/sismologiaDetalleEstaciones?codT=IGN&amp;codEs=CAVE&amp;mapa=N">link</ext-link></td>
          </tr>
        </tbody>
      </table>
    </table-wrap>
  </fig>
  <p>A number of stations have been upgraded since commissioning, where
  EH (Extremely Short Period) sensors were replaced with HH (High Broad
  Band) sensors based on the change to the
  <ext-link ext-link-type="uri" xlink:href="https://ds.iris.edu/ds/nodes/dmc/data/formats/seed-channel-naming/">SEED
  channel identifiers</ext-link> reported.</p>
  <p>The following decommissioned stations were previously part of the
  seismic network on the island and contributed to measurements over the
  period 2017 to 2021.</p>
  <fig id="tbl-inactive-nb-3">
    <caption><p>Decommissioned seismic monitoring stations on La
    Palma</p></caption>
    <table-wrap>
      <table>
        <colgroup>
          <col width="11%" />
          <col width="11%" />
          <col width="11%" />
          <col width="11%" />
          <col width="11%" />
          <col width="44%" />
        </colgroup>
        <thead>
          <tr>
            <th>Id</th>
            <th>Installed</th>
            <th>Decommissioned</th>
            <th>Location</th>
            <th>Channels</th>
            <th>Links</th>
          </tr>
        </thead>
        <tbody>
          <tr>
            <td>CMAZ</td>
            <td>10/11/2017</td>
            <td>17/01/2018</td>
            <td>Villa de Mazo, Isla de la Palma</td>
            <td>HH</td>
            <td><ext-link ext-link-type="uri" xlink:href="https://www.ign.es/web/ign/portal/vlc-estaciones-red/-/estaciones-canarias/sismologiaDetalleEstaciones?codT=IGN&amp;codEs=EHIG&amp;mapa=N">link</ext-link></td>
          </tr>
          <tr>
            <td>CLLA</td>
            <td>09/11/2017</td>
            <td>13/01/2019</td>
            <td>Todoque, Los Llanos de Aridane</td>
            <td>HH</td>
            <td><ext-link ext-link-type="uri" xlink:href="https://www.ign.es/web/ign/portal/vlc-estaciones-red/-/estaciones-canarias/sismologiaDetalleEstaciones?codT=BAJA&amp;codEs=CLLA&amp;mapa=N">link</ext-link></td>
          </tr>
          <tr>
            <td>CFLP</td>
            <td>06/11/2017</td>
            <td>20/03/2019</td>
            <td>Los Canarios, Fuencaliente</td>
            <td>HH</td>
            <td><ext-link ext-link-type="uri" xlink:href="https://www.ign.es/web/ign/portal/vlc-estaciones-red/-/estaciones-canarias/sismologiaDetalleEstaciones?codT=BAJA&amp;codEs=CFLP&amp;mapa=N">link</ext-link></td>
          </tr>
          <tr>
            <td>CVIE</td>
            <td>10/10/2017</td>
            <td>08/04/2021</td>
            <td>Cumbre Vieja, Villa de Mazo</td>
            <td>EH</td>
            <td><ext-link ext-link-type="uri" xlink:href="https://www.ign.es/web/ign/portal/vlc-estaciones-red/-/estaciones-canarias/sismologiaDetalleEstaciones?codT=BAJA&amp;codEs=CVIE&amp;mapa=N">link</ext-link></td>
          </tr>
        </tbody>
      </table>
    </table-wrap>
  </fig>
  <p>For more information on the monitoring network in the Canary
  Islands visit
  <ext-link ext-link-type="uri" xlink:href="https://www.ign.es/web/ign/portal/vlc-area-volcanologia">https://www.ign.es/web/ign/portal/vlc-area-volcanologia</ext-link></p>
</sec>
</body>



<back>
</back>


</sub-article>

</article>