<?xml version="1" encoding="UTF-8"?>
<!DOCTYPE manifest PUBLIC "-//MECA//DTD Manifest v1.0//en" "MECA_manifest.dtd">
<manifest manifest-version="2.0" xmlns="https://www.manuscriptexchange.org/schema/manifest" xmlns:xlink="http://www.w3.org/1999/xlink">
  <item item-type="article-metadata">
    <instance media-type="text/xml" xlink:href="article.xml"/>
  </item>
  <item item-type="manuscript">
    <instance media-type="application/vnd.openxmlformats-officedocument.wordprocessingml.document" xlink:href="article.docx"/>
  </item>
  <item item-type="manuscript">
    <instance media-type="application/pdf" xlink:href="article.pdf"/>
  </item>
  <item item-type="manuscript_reference">
    <instance media-type="image/png" xlink:href="article_files/figure-jats/cell-10-output-1.png"/>
  </item>
  <item item-type="manuscript_reference">
    <instance media-type="image/png" xlink:href="article_files/figure-jats/cell-13-output-1.png"/>
  </item>
  <item item-type="manuscript_reference">
    <instance media-type="image/png" xlink:href="article_files/figure-jats/cell-9-output-1.png"/>
  </item>
  <item item-type="manuscript_reference">
    <instance media-type="image/png" xlink:href="article_files/figure-jats/cell-12-output-1.png"/>
  </item>
  <item item-type="manuscript_reference">
    <instance media-type="image/png" xlink:href="article_files/figure-jats/fig-timeline-output-1.png"/>
  </item>
  <item item-type="manuscript_reference">
    <instance media-type="image/png" xlink:href="article_files/figure-jats/cell-11-output-1.png"/>
  </item>
  <item item-type="manuscript_reference">
    <instance media-type="image/png" xlink:href="article_files/figure-jats/cell-14-output-1.png"/>
  </item>
  <item item-type="manuscript_reference">
    <instance media-type="image/png" xlink:href="images/la-palma-map.png"/>
  </item>
  <item item-type="manuscript_reference">
    <instance media-type="image/png" xlink:href="images/reservoirs.png"/>
  </item>
  <item item-type="manuscript_reference">
    <instance media-type="undefined" xlink:href="notebooks/visualization-figure-creation-seaborn.ipynb"/>
  </item>
  <item item-type="manuscript_reference">
    <instance media-type="undefined" xlink:href="notebooks/data-screening.ipynb"/>
  </item>
  <item item-type="manuscript_reference">
    <instance media-type="undefined" xlink:href="notebooks/visualization-figure-creation-seaborn.ipynb"/>
  </item>
</manifest>