<sub-article article-type="notebook">
<front-stub>
<title-group>
<article-title>Data Screening</article-title>
</title-group>
<contrib-group>
<contrib contrib-type="author">
<contrib-id contrib-id-type="orcid">0000-0002-0760-5497</contrib-id>
<name>
<surname>Purves</surname>
<given-names>Steve</given-names>
</name>
<string-name>Steve Purves</string-name>
</contrib>
</contrib-group>
</front-stub>

<body>
<p>Load and review the data, check that dates are loaded properly and
filter data down to the events in La Palma only. The dataset itself
contains all recent IGN earthquake data for Spanish territory.</p>
<sec id="ba38c3c1-51d7-48d9-8056-c23a0bbfcd18" sec-type="notebook-code">
<sec id="ba38c3c1-51d7-48d9-8056-c23a0bbfcd18-output-0" content-type="notebook-output">
<table-wrap>
  <table border="1">
    <thead>
      <tr style="text-align: right;">
        <th></th>
        <th>Event</th>
        <th>Date</th>
        <th>Time</th>
        <th>Latitude</th>
        <th>Longitude</th>
        <th>Depth(km)</th>
        <th>Intensity</th>
        <th>Magnitude</th>
        <th>Type Mag</th>
        <th>Location</th>
        <th>DateTime</th>
        <th>Timestamp</th>
      </tr>
    </thead>
    <tbody>
      <tr>
        <td>0</td>
        <td>es2017aaaga</td>
        <td>2017-01-01</td>
        <td>00:48:55</td>
        <td>36.6765</td>
        <td>-11.2736</td>
        <td>0.0</td>
        <td></td>
        <td>2.8</td>
        <td>6</td>
        <td>SW CABO DE SAN VICENTE</td>
        <td>2017-01-01 00:48:55</td>
        <td>1483231735000000000</td>
      </tr>
      <tr>
        <td>1</td>
        <td>es2017aaakn</td>
        <td>2017-01-01</td>
        <td>01:28:17</td>
        <td>28.1119</td>
        <td>-16.2225</td>
        <td>21.0</td>
        <td></td>
        <td>0.9</td>
        <td>4</td>
        <td>ATLÁNTICO-CANARIAS</td>
        <td>2017-01-01 01:28:17</td>
        <td>1483234097000000000</td>
      </tr>
      <tr>
        <td>2</td>
        <td>es2017aaang</td>
        <td>2017-01-01</td>
        <td>01:49:08</td>
        <td>42.0648</td>
        <td>-7.8471</td>
        <td>22.0</td>
        <td></td>
        <td>2.0</td>
        <td>4</td>
        <td>SW RAIRIZ DE VEIGA.OU</td>
        <td>2017-01-01 01:49:08</td>
        <td>1483235348000000000</td>
      </tr>
      <tr>
        <td>3</td>
        <td>es2017aabdd</td>
        <td>2017-01-01</td>
        <td>02:36:20</td>
        <td>38.3826</td>
        <td>-9.3767</td>
        <td>11.0</td>
        <td></td>
        <td>2.2</td>
        <td>4</td>
        <td>ATLÁNTICO-PORTUGAL</td>
        <td>2017-01-01 02:36:20</td>
        <td>1483238180000000000</td>
      </tr>
      <tr>
        <td>4</td>
        <td>es2017aabkh</td>
        <td>2017-01-01</td>
        <td>03:35:03</td>
        <td>36.2492</td>
        <td>-7.8227</td>
        <td>13.0</td>
        <td></td>
        <td>1.9</td>
        <td>4</td>
        <td>GOLFO DE CÁDIZ</td>
        <td>2017-01-01 03:35:03</td>
        <td>1483241703000000000</td>
      </tr>
    </tbody>
  </table>
</table-wrap>
</sec>
</sec>
<sec id="d81abbcf-d7f2-43e8-ae0c-5f6ce44e6046" sec-type="notebook-code">
<sec id="d81abbcf-d7f2-43e8-ae0c-5f6ce44e6046-output-0" content-type="notebook-output">
<table-wrap>
  <table border="1">
    <thead>
      <tr style="text-align: right;">
        <th></th>
        <th>Latitude</th>
        <th>Longitude</th>
        <th>Depth(km)</th>
        <th>Magnitude</th>
        <th>Type Mag</th>
        <th>Timestamp</th>
      </tr>
    </thead>
    <tbody>
      <tr>
        <td>count</td>
        <td>58036.000000</td>
        <td>58036.000000</td>
        <td>58036.000000</td>
        <td>58036.000000</td>
        <td>58036.000000</td>
        <td>5.803600e+04</td>
      </tr>
      <tr>
        <td>mean</td>
        <td>34.806854</td>
        <td>-8.356855</td>
        <td>11.450831</td>
        <td>1.881846</td>
        <td>4.031153</td>
        <td>1.596182e+18</td>
      </tr>
      <tr>
        <td>std</td>
        <td>5.263327</td>
        <td>7.119341</td>
        <td>11.111965</td>
        <td>0.763577</td>
        <td>0.291332</td>
        <td>4.954865e+16</td>
      </tr>
      <tr>
        <td>min</td>
        <td>26.349300</td>
        <td>-19.930400</td>
        <td>0.000000</td>
        <td>-0.500000</td>
        <td>3.000000</td>
        <td>1.483232e+18</td>
      </tr>
      <tr>
        <td>25%</td>
        <td>28.563800</td>
        <td>-16.672325</td>
        <td>3.000000</td>
        <td>1.400000</td>
        <td>4.000000</td>
        <td>1.559327e+18</td>
      </tr>
      <tr>
        <td>50%</td>
        <td>35.989200</td>
        <td>-4.785250</td>
        <td>10.000000</td>
        <td>1.800000</td>
        <td>4.000000</td>
        <td>1.612319e+18</td>
      </tr>
      <tr>
        <td>75%</td>
        <td>37.890700</td>
        <td>-3.234500</td>
        <td>14.300000</td>
        <td>2.400000</td>
        <td>4.000000</td>
        <td>1.635568e+18</td>
      </tr>
      <tr>
        <td>max</td>
        <td>44.985000</td>
        <td>5.996600</td>
        <td>115.000000</td>
        <td>6.000000</td>
        <td>6.000000</td>
        <td>1.663232e+18</td>
      </tr>
    </tbody>
  </table>
</table-wrap>
</sec>
</sec>
<sec id="cell-8f6c52f4-b28d-4c22-88c7-e1b17298cae7" sec-type="notebook-code">
<sec id="8f6c52f4-b28d-4c22-88c7-e1b17298cae7-output-0" content-type="notebook-output">
<graphic mimetype="image" mime-subtype="png" xlink:href="data-screening_files/figure-jats/cell-5-output-1.png" />
</sec>
</sec>
<sec id="filter-down-to-la-palma-events-only">
  <title>Filter down to La Palma events only</title>
  <p>Also some rows seem to be missing depth measurements, (see
  differences in the <bold>count</bold> for columns above) - take only
  rows with valid depths</p>
  <sec id="c34e47c1-c9cb-4207-978c-292333863e9b" sec-type="notebook-code">
  <sec id="c34e47c1-c9cb-4207-978c-292333863e9b-output-0" content-type="notebook-output">
  <table-wrap>
    <table border="1">
      <thead>
        <tr style="text-align: right;">
          <th></th>
          <th>Latitude</th>
          <th>Longitude</th>
          <th>Depth(km)</th>
          <th>Magnitude</th>
          <th>Type Mag</th>
          <th>Timestamp</th>
        </tr>
      </thead>
      <tbody>
        <tr>
          <td>count</td>
          <td>11347.000000</td>
          <td>11347.000000</td>
          <td>11347.000000</td>
          <td>11347.000000</td>
          <td>11347.0</td>
          <td>1.134700e+04</td>
        </tr>
        <tr>
          <td>mean</td>
          <td>28.568893</td>
          <td>-17.844062</td>
          <td>14.089345</td>
          <td>2.432423</td>
          <td>4.0</td>
          <td>1.633359e+18</td>
        </tr>
        <tr>
          <td>std</td>
          <td>0.021899</td>
          <td>0.027345</td>
          <td>8.624787</td>
          <td>0.705282</td>
          <td>0.0</td>
          <td>2.007970e+16</td>
        </tr>
        <tr>
          <td>min</td>
          <td>28.310200</td>
          <td>-17.995800</td>
          <td>0.000000</td>
          <td>0.200000</td>
          <td>4.0</td>
          <td>1.489103e+18</td>
        </tr>
        <tr>
          <td>25%</td>
          <td>28.558000</td>
          <td>-17.854100</td>
          <td>10.100000</td>
          <td>1.900000</td>
          <td>4.0</td>
          <td>1.633777e+18</td>
        </tr>
        <tr>
          <td>50%</td>
          <td>28.564000</td>
          <td>-17.838700</td>
          <td>11.300000</td>
          <td>2.600000</td>
          <td>4.0</td>
          <td>1.635671e+18</td>
        </tr>
        <tr>
          <td>75%</td>
          <td>28.574300</td>
          <td>-17.829700</td>
          <td>13.900000</td>
          <td>2.900000</td>
          <td>4.0</td>
          <td>1.638294e+18</td>
        </tr>
        <tr>
          <td>max</td>
          <td>28.697800</td>
          <td>-17.705700</td>
          <td>46.900000</td>
          <td>5.100000</td>
          <td>4.0</td>
          <td>1.663128e+18</td>
        </tr>
      </tbody>
    </table>
  </table-wrap>
  </sec>
  </sec>
  <sec id="cell-306ba432-daa7-4126-9b5a-689e1ad41e3a" sec-type="notebook-code">
  <sec id="306ba432-daa7-4126-9b5a-689e1ad41e3a-output-0" content-type="notebook-output">
  <graphic mimetype="image" mime-subtype="png" xlink:href="data-screening_files/figure-jats/cell-7-output-1.png" />
  </sec>
  </sec>
</sec>
<sec id="spatial-plot">
  <title>Spatial Plot</title>
  <p>Scatter plot the spatial locations of events</p>
  <sec id="ed0bda66-c063-47bd-a12e-c688543845b7" sec-type="notebook-code">
  <sec id="ed0bda66-c063-47bd-a12e-c688543845b7-output-0" content-type="notebook-output">
  <preformat>/opt/anaconda3/envs/py3/lib/python3.9/site-packages/matplotlib/collections.py:967: RuntimeWarning: invalid value encountered in sqrt
  scale = np.sqrt(self._sizes) * dpi / 72.0 * self._factor</preformat>
  </sec>
  <sec id="ed0bda66-c063-47bd-a12e-c688543845b7-output-1" content-type="notebook-output">
  <graphic mimetype="image" mime-subtype="png" xlink:href="data-screening_files/figure-jats/cell-8-output-2.png" />
  </sec>
  </sec>
  <sec id="timeline-plot">
    <title>Timeline Plot</title>
    <p>Scatter plot the event time series and look for any quantization
    issues. Have times &amp; dates been loaded correctly?</p>
    <sec id="cell-58a022c7-f34c-499d-a749-aa01f0e1b5db" sec-type="notebook-code">
    <sec id="58a022c7-f34c-499d-a749-aa01f0e1b5db-output-0" content-type="notebook-output">
    <graphic mimetype="image" mime-subtype="png" xlink:href="data-screening_files/figure-jats/cell-9-output-1.png" />
    </sec>
    </sec>
  </sec>
</sec>
</body>



<back>
</back>


</sub-article>